obj,running_time,gap
10933.567085027395,3600.1079998016357,0.8648639070468255
