obj,running_time,gap
13146.971765731856,3600.0950000286102,0.9999999999999923
