obj,running_time,gap
12919.98766893493,3600.109999895096,0.9999999999999922
