obj,running_time,gap
14202.511637470558,3600.12299990654,0.999999999999993
