obj,running_time,gap
12526.379819142016,3600.117000102997,0.999999999999992
