obj,running_time,gap
11885.5831827507,3600.1669998168945,0.9999999999999916
