obj,running_time,gap
13535.805870128772,3600.135999917984,0.9999999999999926
