obj,running_time,gap
12205.62274466212,3600.1699998378754,0.9999999999999918
