obj,running_time,gap
11576.295218776162,3600.1180000305176,0.9999999999999913
