obj,running_time,gap
12233.596925291538,3600.1449999809265,0.9999999999999918
