obj,running_time,gap
12566.914393255724,3600.1150000095367,0.999999999999992
