obj,running_time,gap
14652.30308416256,3600.114000082016,0.9999999999999931
